Composition,SCAN+rvv10+U Total E (eV)
S,-3.154599688
Ti,-5.902085
Cr,-7.71665
Mn,-6.696028966
Fe,-5.26659
Co,-5.52035
Ni,-2.42689
Cu,-0.2031525
Zn,-1.65177
Sc,-3.89326