Composition,SCAN+rvv10+U Total E (eV)
Sc,-9.65218
Ti,-11.02117
V,-12.36035
Cr,-15.01003
Mn,-15.19053
Fe,-13.17806
Cu,-11.23721
O,-2.69195